sid,wind_fl,name,year,first_t,maxwind,cat_fl
AL041851,100,UNNAMED,1851,1851-08-16 00:00:00,100,3
AL031852,70,UNNAMED,1852,1852-09-09 00:00:00,70,1
AL051852,90,UNNAMED,1852,1852-10-06 00:00:00,90,2
AL051856,90,UNNAMED,1856,1856-08-25 00:00:00,100,2
AL031858,60,UNNAMED,1858,1858-09-14 00:00:00,90,0
AL071859,60,UNNAMED,1859,1859-10-16 00:00:00,60,0
AL081859,80,UNNAMED,1859,1859-10-24 00:00:00,80,1
AL081861,60,UNNAMED,1861,1861-11-01 06:00:00,70,0
AL071865,90,UNNAMED,1865,1865-10-18 00:00:00,90,2
AL071867,70,UNNAMED,1867,1867-10-02 00:00:00,90,1
AL021868,60,UNNAMED,1868,1868-10-01 00:00:00,70,0
AL091870,80,UNNAMED,1870,1870-10-19 00:00:00,90,1
AL031871,100,UNNAMED,1871,1871-08-14 00:00:00,100,3
AL041871,90,UNNAMED,1871,1871-08-17 00:00:00,100,2
AL061871,70,UNNAMED,1871,1871-09-05 00:00:00,70,1
AL071871,60,UNNAMED,1871,1871-09-30 00:00:00,70,0
AL051872,50,UNNAMED,1872,1872-10-22 00:00:00,70,0
AL031873,70,UNNAMED,1873,1873-09-18 00:00:00,70,1
AL041873,50,UNNAMED,1873,1873-09-22 00:00:00,50,0
AL051873,100,UNNAMED,1873,1873-09-26 00:00:00,100,3
AL061874,70,UNNAMED,1874,1874-09-25 00:00:00,80,1
AL041875,50,UNNAMED,1875,1875-09-24 00:00:00,50,0
AL051876,90,UNNAMED,1876,1876-10-12 00:00:00,100,2
AL021877,70,UNNAMED,1877,1877-09-14 00:00:00,70,1
AL041877,100,UNNAMED,1877,1877-09-21 00:00:00,100,3
AL071877,50,UNNAMED,1877,1877-10-24 00:00:00,50,0
AL011878,40,UNNAMED,1878,1878-07-01 00:00:00,40,0
AL051878,90,UNNAMED,1878,1878-09-01 00:00:00,90,2
AL081878,50,UNNAMED,1878,1878-10-09 00:00:00,70,0
AL061879,50,UNNAMED,1879,1879-10-09 00:00:00,50,0
AL071879,60,UNNAMED,1879,1879-10-24 00:00:00,70,0
AL041880,90,UNNAMED,1880,1880-08-24 00:00:00,90,2
AL061880,60,UNNAMED,1880,1880-09-06 00:00:00,70,0
AL091880,70,UNNAMED,1880,1880-10-05 00:00:00,70,1
AL021882,110,UNNAMED,1882,1882-09-02 00:00:00,110,3
AL061882,70,UNNAMED,1882,1882-10-05 00:00:00,120,1
AL031885,50,UNNAMED,1885,1885-08-29 00:00:00,50,0
AL041885,50,UNNAMED,1885,1885-09-17 00:00:00,80,0
AL061885,40,UNNAMED,1885,1885-09-24 00:00:00,70,0
AL081885,60,UNNAMED,1885,1885-10-10 12:00:00,60,0
AL021886,85,UNNAMED,1886,1886-06-17 00:00:00,85,2
AL031886,85,UNNAMED,1886,1886-06-27 12:00:00,85,2
AL041886,70,UNNAMED,1886,1886-07-14 06:00:00,75,1
AL041887,75,UNNAMED,1887,1887-07-20 00:00:00,85,1
AL161887,40,UNNAMED,1887,1887-10-29 12:00:00,70,0
AL031888,110,UNNAMED,1888,1888-08-14 12:00:00,110,3
AL051888,50,UNNAMED,1888,1888-09-06 06:00:00,50,0
AL071888,95,UNNAMED,1888,1888-10-08 12:00:00,95,2
AL021889,45,UNNAMED,1889,1889-06-15 00:00:00,65,0
AL061889,60,UNNAMED,1889,1889-09-12 00:00:00,95,0
AL091889,45,UNNAMED,1889,1889-10-05 06:00:00,50,0
AL031891,70,UNNAMED,1891,1891-08-18 12:00:00,110,1
AL071891,45,UNNAMED,1891,1891-10-04 12:00:00,45,0
AL081891,35,UNNAMED,1891,1891-10-07 12:00:00,55,0
AL011892,40,UNNAMED,1892,1892-06-09 00:00:00,45,0
AL091892,45,UNNAMED,1892,1892-10-21 00:00:00,45,0
AL011893,60,UNNAMED,1893,1893-06-12 06:00:00,65,0
AL041894,90,UNNAMED,1894,1894-09-18 00:00:00,105,2
AL051894,105,UNNAMED,1894,1894-10-01 00:00:00,105,3
AL061895,35,UNNAMED,1895,1895-10-13 06:00:00,35,0
AL011896,85,UNNAMED,1896,1896-07-04 12:00:00,85,2
AL041896,110,UNNAMED,1896,1896-09-22 06:00:00,110,3
AL051896,50,UNNAMED,1896,1896-10-07 00:00:00,85,0
AL031897,60,UNNAMED,1897,1897-09-20 12:00:00,60,0
AL011898,70,UNNAMED,1898,1898-08-02 00:00:00,70,1
AL021899,85,UNNAMED,1899,1899-07-28 12:00:00,85,2
AL061899,50,UNNAMED,1899,1899-10-02 06:00:00,50,0
AL061900,40,UNNAMED,1900,1900-10-10 06:00:00,40,0
AL011901,35,UNNAMED,1901,1901-06-11 00:00:00,35,0
AL041901,45,UNNAMED,1901,1901-08-02 00:00:00,80,0
AL081901,50,UNNAMED,1901,1901-09-09 06:00:00,70,0
AL101901,40,UNNAMED,1901,1901-09-21 00:00:00,45,0
AL011902,50,UNNAMED,1902,1902-06-12 12:00:00,50,0
AL041902,50,UNNAMED,1902,1902-10-03 00:00:00,90,0
AL031903,80,UNNAMED,1903,1903-09-09 06:00:00,80,1
AL041904,70,UNNAMED,1904,1904-10-12 06:00:00,70,1
AL061904,35,UNNAMED,1904,1904-10-31 12:00:00,45,0
AL011906,45,UNNAMED,1906,1906-06-08 12:00:00,45,0
AL021906,75,UNNAMED,1906,1906-06-14 06:00:00,90,1
AL081906,105,UNNAMED,1906,1906-10-08 06:00:00,105,3
AL011907,55,UNNAMED,1907,1907-06-24 12:00:00,55,0
AL021907,35,UNNAMED,1907,1907-09-18 12:00:00,40,0
AL031907,45,UNNAMED,1907,1907-09-27 06:00:00,45,0
AL031909,45,UNNAMED,1909,1909-06-26 12:00:00,45,0
AL081909,45,UNNAMED,1909,1909-08-28 00:00:00,45,0
AL101909,35,UNNAMED,1909,1909-09-24 00:00:00,50,0
AL051910,105,UNNAMED,1910,1910-10-09 06:00:00,130,3
AL011911,20,UNNAMED,1911,1911-08-04 12:00:00,50,0
AL061911,35,UNNAMED,1911,1911-10-26 00:00:00,45,0
AL051912,35,UNNAMED,1912,1912-10-03 12:00:00,80,0
AL011914,60,UNNAMED,1914,1914-09-15 00:00:00,60,0
AL011915,65,UNNAMED,1915,1915-07-31 06:00:00,65,1
AL041915,80,UNNAMED,1915,1915-08-31 12:00:00,85,1
AL011916,40,UNNAMED,1916,1916-05-13 12:00:00,50,0
AL071916,40,UNNAMED,1916,1916-08-21 06:00:00,95,0
AL141916,95,UNNAMED,1916,1916-10-09 06:00:00,95,2
AL151916,55,UNNAMED,1916,1916-11-11 00:00:00,60,0
AL041917,100,UNNAMED,1917,1917-09-20 00:00:00,130,3
AL011919,55,UNNAMED,1919,1919-07-02 06:00:00,55,0
AL051920,55,UNNAMED,1920,1920-09-25 06:00:00,75,0
AL051921,35,UNNAMED,1921,1921-10-15 12:00:00,70,0
AL061921,100,UNNAMED,1921,1921-10-20 00:00:00,120,3
AL051924,75,UNNAMED,1924,1924-09-13 00:00:00,75,1
AL081924,55,UNNAMED,1924,1924-09-27 00:00:00,65,0
AL101924,80,UNNAMED,1924,1924-10-14 00:00:00,145,1
AL041925,60,UNNAMED,1925,1925-11-27 00:00:00,80,0
AL011926,90,UNNAMED,1926,1926-07-22 06:00:00,120,2
AL071926,125,UNNAMED,1926,1926-09-11 12:00:00,130,4
AL011928,85,UNNAMED,1928,1928-08-03 00:00:00,90,2
AL021928,45,UNNAMED,1928,1928-08-07 12:00:00,80,0
AL041928,125,UNNAMED,1928,1928-09-06 00:00:00,140,4
AL021929,95,UNNAMED,1929,1929-09-19 00:00:00,135,2
AL021930,40,UNNAMED,1930,1930-08-29 00:00:00,135,0
AL031932,55,UNNAMED,1932,1932-08-26 18:00:00,75,0
AL061932,50,UNNAMED,1932,1932-09-09 06:00:00,65,0
AL051933,65,UNNAMED,1933,1933-07-24 12:00:00,80,1
AL111933,110,UNNAMED,1933,1933-08-31 06:00:00,120,3
AL031934,35,UNNAMED,1934,1934-07-22 06:00:00,75,0
AL111934,45,UNNAMED,1934,1934-10-01 12:00:00,50,0
AL031935,85,UNNAMED,1935,1935-08-29 06:00:00,160,2
AL071935,85,UNNAMED,1935,1935-10-30 06:00:00,90,2
AL011936,40,UNNAMED,1936,1936-06-12 00:00:00,40,0
AL051936,90,UNNAMED,1936,1936-07-27 06:00:00,90,2
AL091936,50,UNNAMED,1936,1936-08-20 06:00:00,50,0
AL011937,55,UNNAMED,1937,1937-07-29 00:00:00,60,0
AL031937,60,UNNAMED,1937,1937-08-24 12:00:00,60,0
AL071937,35,UNNAMED,1937,1937-09-16 12:00:00,50,0
AL021939,65,UNNAMED,1939,1939-08-07 18:00:00,65,1
AL051941,85,UNNAMED,1941,1941-10-03 18:00:00,105,2
AL061941,40,UNNAMED,1941,1941-10-15 06:00:00,45,0
AL131944,90,UNNAMED,1944,1944-10-12 12:00:00,125,2
AL011945,70,UNNAMED,1945,1945-06-20 12:00:00,85,1
AL071945,35,UNNAMED,1945,1945-09-03 18:00:00,35,0
AL091945,115,UNNAMED,1945,1945-09-12 00:00:00,115,4
AL061946,75,UNNAMED,1946,1946-10-05 18:00:00,85,1
AL071946,40,UNNAMED,1946,1946-10-31 18:00:00,40,0
AL041947,115,UNNAMED,1947,1947-09-04 06:00:00,125,4
AL061947,55,UNNAMED,1947,1947-09-20 06:00:00,55,0
AL071947,50,UNNAMED,1947,1947-10-05 18:00:00,50,0
AL091947,80,UNNAMED,1947,1947-10-08 18:00:00,90,1
AL021948,35,UNNAMED,1948,1948-07-07 18:00:00,35,0
AL081948,115,UNNAMED,1948,1948-09-18 06:00:00,115,4
AL091948,90,UNNAMED,1948,1948-10-03 12:00:00,110,2
AL021949,115,UNNAMED,1949,1949-08-23 06:00:00,115,4
AL051950,90,EASY,1950,1950-09-01 06:00:00,105,2
AL111950,115,KING,1950,1950-10-13 06:00:00,115,4
AL131950,60,LOVE,1950,1950-10-18 00:00:00,70,0
AL091951,55,HOW,1951,1951-09-29 00:00:00,85,0
AL011952,55,UNNAMED,1952,1952-02-02 06:00:00,60,0
AL011953,45,ALICE,1953,1953-05-25 18:00:00,60,0
AL021953,35,UNNAMED,1953,1953-07-11 18:00:00,45,0
AL051953,30,UNNAMED,1953,1953-08-29 18:00:00,35,0
AL081953,35,UNNAMED,1953,1953-09-15 18:00:00,45,0
AL091953,80,FLORENCE,1953,1953-09-23 12:00:00,100,1
AL121953,75,HAZEL,1953,1953-10-07 06:00:00,75,1
AL021954,30,UNNAMED,1954,1954-06-18 00:00:00,60,0
AL071956,80,FLOSSY,1956,1956-09-20 18:00:00,80,1
AL111956,55,UNNAMED,1956,1956-10-14 12:00:00,55,0
AL011957,45,UNNAMED,1957,1957-06-08 06:00:00,65,0
AL051957,35,DEBBIE,1957,1957-09-07 06:00:00,35,0
AL031959,40,UNNAMED,1959,1959-06-18 00:00:00,75,0
AL101959,40,IRENE,1959,1959-10-06 18:00:00,40,0
AL111959,55,JUDITH,1959,1959-10-14 06:00:00,75,0
AL031960,55,BRENDA,1960,1960-07-27 18:00:00,60,0
AL051960,115,DONNA,1960,1960-08-29 18:00:00,125,4
AL071960,50,FLORENCE,1960,1960-09-17 06:00:00,50,0
AL011962,30,ALMA,1962,1962-08-26 12:00:00,75,0
AL011964,30,UNNAMED,1964,1964-06-03 12:00:00,60,0
AL051964,95,CLEO,1964,1964-08-20 18:00:00,130,2
AL061964,95,DORA,1964,1964-08-28 12:00:00,115,2
AL101964,50,HILDA,1964,1964-09-28 12:00:00,120,0
AL111964,95,ISBELL,1964,1964-10-09 06:00:00,100,2
AL011965,50,UNNAMED,1965,1965-06-13 18:00:00,50,0
AL091965,55,UNNAMED,1965,1965-10-16 06:00:00,55,0
AL011966,75,ALMA,1966,1966-06-05 00:00:00,100,1
AL121966,40,UNNAMED,1966,1966-06-28 12:00:00,40,0
AL091966,85,INEZ,1966,1966-09-21 12:00:00,140,2
AL011968,55,ABBY,1968,1968-06-01 06:00:00,65,0
AL021968,35,BRENDA,1968,1968-06-18 00:00:00,70,0
AL051968,35,DOLLY,1968,1968-08-10 06:00:00,75,0
AL061968,25,UNNAMED,1968,1968-08-26 12:00:00,25,0
AL131968,30,UNNAMED,1968,1968-09-25 18:00:00,30,0
AL141968,85,GLADYS,1968,1968-10-13 12:00:00,85,2
AL161969,30,GERDA,1969,1969-09-07 00:00:00,105,0
AL191969,30,UNNAMED,1969,1969-09-19 12:00:00,30,0
AL231969,45,UNNAMED,1969,1969-09-29 12:00:00,50,0
AL241969,40,JENNY,1969,1969-10-01 12:00:00,40,0
AL011970,35,ALMA,1970,1970-05-17 18:00:00,65,0
AL021970,45,BECKY,1970,1970-07-19 00:00:00,55,0
AL071971,40,UNNAMED,1971,1971-08-13 12:00:00,40,0
AL011972,50,ALPHA,1972,1972-05-23 18:00:00,60,0
AL021972,65,AGNES,1972,1972-06-14 12:00:00,70,1
AL131973,30,UNNAMED,1973,1973-09-24 12:00:00,30,0
AL131975,110,ELOISE,1975,1975-09-13 06:00:00,110,3
AL011976,40,UNNAMED,1976,1976-05-21 12:00:00,45,0
AL031976,25,UNNAMED,1976,1976-06-11 12:00:00,30,0
AL081976,40,DOTTIE,1976,1976-08-18 00:00:00,45,0
AL141976,35,UNNAMED,1976,1976-09-13 12:00:00,40,0
AL091979,85,DAVID,1979,1979-08-25 12:00:00,150,2
AL011980,25,UNNAMED,1980,1980-07-17 00:00:00,25,0
AL171980,25,UNNAMED,1980,1980-11-12 12:00:00,30,0
AL071981,30,UNNAMED,1981,1981-07-02 06:00:00,30,0
AL101981,40,DENNIS,1981,1981-08-07 06:00:00,70,0
AL021982,60,UNNAMED,1982,1982-06-18 00:00:00,60,0
AL041983,40,BARRY,1983,1983-08-23 18:00:00,70,0
AL011984,25,UNNAMED,1984,1984-06-11 12:00:00,30,0
AL151984,50,ISIDORE,1984,1984-09-25 12:00:00,50,0
AL171984,30,UNNAMED,1984,1984-10-25 06:00:00,30,0
AL021985,50,BOB,1985,1985-07-21 06:00:00,65,0
AL111985,35,ISABEL,1985,1985-10-07 00:00:00,60,0
AL131985,85,KATE,1985,1985-11-15 18:00:00,105,2
AL051986,10,CHARLEY,1986,1986-08-13 12:00:00,70,0
AL031987,15,UNNAMED,1987,1987-08-09 12:00:00,40,0
AL141987,20,UNNAMED,1987,1987-10-31 18:00:00,30,0
AL141988,30,UNNAMED,1988,1988-08-13 00:00:00,30,0
AL121988,55,KEITH,1988,1988-11-17 18:00:00,65,0
AL151990,30,MARCO,1990,1990-10-09 12:00:00,55,0
AL011991,20,ANA,1991,1991-06-29 12:00:00,45,0
AL041992,145,ANDREW,1992,1992-08-16 18:00:00,150,5
AL011994,55,ALBERTO,1994,1994-06-30 06:00:00,55,0
AL031994,50,BERYL,1994,1994-08-14 12:00:00,50,0
AL121994,55,GORDON,1994,1994-11-08 12:00:00,75,0
AL011995,55,ALLISON,1995,1995-06-03 00:00:00,65,0
AL051995,75,ERIN,1995,1995-07-31 00:00:00,85,1
AL111995,35,JERRY,1995,1995-08-22 18:00:00,35,0
AL171995,100,OPAL,1995,1995-09-27 18:00:00,130,3
AL101996,60,JOSEPHINE,1996,1996-10-04 18:00:00,60,0
AL051997,45,DANNY,1997,1997-07-16 12:00:00,70,0
AL051998,80,EARL,1998,1998-08-31 12:00:00,85,1
AL071998,30,GEORGES,1998,1998-09-15 12:00:00,135,0
AL131998,55,MITCH,1998,1998-10-22 00:00:00,155,0
AL101999,50,HARVEY,1999,1999-09-19 06:00:00,50,0
AL131999,70,IRENE,1999,1999-10-12 12:00:00,95,1
AL112000,55,GORDON,2000,2000-09-14 12:00:00,70,0
AL122000,50,HELENE,2000,2000-09-15 12:00:00,60,0
AL162000,30,LESLIE,2000,2000-10-04 12:00:00,60,0
AL032001,60,BARRY,2001,2001-08-02 12:00:00,60,0
AL082001,60,GABRIELLE,2001,2001-09-11 18:00:00,70,0
AL052002,35,EDOUARD,2002,2002-09-01 18:00:00,55,0
AL122003,30,HENRI,2003,2003-09-03 18:00:00,50,0
AL022004,40,BONNIE,2004,2004-08-03 12:00:00,55,0
AL032004,125,CHARLEY,2004,2004-08-09 12:00:00,130,4
AL062004,90,FRANCES,2004,2004-08-25 00:00:00,125,2
AL092004,25,IVAN,2004,2004-09-02 18:00:00,145,0
AL112004,105,JEANNE,2004,2004-09-13 18:00:00,105,3
AL042005,105,DENNIS,2005,2005-07-04 18:00:00,130,3
AL122005,70,KATRINA,2005,2005-08-23 18:00:00,150,1
AL222005,45,TAMMY,2005,2005-10-05 06:00:00,45,0
AL252005,105,WILMA,2005,2005-10-15 18:00:00,160,3
AL012006,40,ALBERTO,2006,2006-06-10 06:00:00,60,0
AL062006,45,ERNESTO,2006,2006-08-24 18:00:00,65,0
AL022007,35,BARRY,2007,2007-05-31 00:00:00,50,0
AL102007,30,TEN,2007,2007-09-21 12:00:00,30,0
AL062008,60,FAY,2008,2008-08-15 12:00:00,60,0
AL042009,45,CLAUDETTE,2009,2009-08-16 06:00:00,50,0
AL112009,35,IDA,2009,2009-11-04 06:00:00,90,0
AL032010,35,BONNIE,2010,2010-07-22 06:00:00,40,0
AL052010,20,FIVE,2010,2010-08-10 06:00:00,30,0
AL022012,60,BERYL,2012,2012-05-25 12:00:00,60,0
AL042012,35,DEBBY,2012,2012-06-23 12:00:00,55,0
AL012013,50,ANDREA,2013,2013-06-05 18:00:00,55,0
AL032016,45,COLIN,2016,2016-06-05 12:00:00,50,0
AL092016,70,HERMINE,2016,2016-08-28 18:00:00,70,1
AL112016,45,JULIA,2016,2016-09-13 06:00:00,45,0
AL062017,50,EMILY,2017,2017-07-30 18:00:00,50,0
AL112017,100,IRMA,2017,2017-08-30 00:00:00,155,3
AL012018,45,ALBERTO,2018,2018-05-25 12:00:00,55,0
AL072018,50,GORDON,2018,2018-09-02 18:00:00,60,0
AL142018,140,MICHAEL,2018,2018-10-06 18:00:00,140,5
AL162019,40,NESTOR,2019,2019-10-17 12:00:00,50,0
AL062020,30,FAY,2020,2020-07-05 12:00:00,50,0
AL192020,85,SALLY,2020,2020-09-11 18:00:00,95,2
AL292020,55,ETA,2020,2020-10-31 18:00:00,130,0
AL052021,55,ELSA,2021,2021-06-30 18:00:00,75,0
AL062021,55,FRED,2021,2021-08-09 18:00:00,55,0
AL132021,50,MINDY,2021,2021-09-08 18:00:00,50,0
AL012022,40,ALEX,2022,2022-06-02 18:00:00,60,0
AL092022,130,IAN,2022,2022-09-22 18:00:00,140,4
AL172022,65,NICOLE,2022,2022-11-06 12:00:00,65,1
AL102023,115,IDALIA,2023,2023-08-26 12:00:00,115,4
AL042024,70,DEBBY,2024,2024-08-02 12:00:00,70,1
AL092024,120,HELENE,2024,2024-09-23 12:00:00,120,4
AL142024,100,MILTON,2024,2024-10-04 18:00:00,155,3
